data_iniSE,SE,casos_est,casos_est_min,casos_est_max,casos,p_rt1,p_inc100k,Localidade_id,nivel,id,versao_modelo,municipio_nome,tweet,Rt,pop,tempmin,umidmax,receptivo,transmissao,nivel_inc,umidmed,umidmin,tempmed,tempmax,casprov,casprov_est,casprov_est_min,casprov_est_max,casconf,notif_accum_year
2025-12-28,202553,6.0,6,6,6,0.043964103,4.3851633,0,1,110012220255320578,2026-05-05,Ji-Paraná,,0.45381775,136825,23.2745142857143,98.1809,1,0,1,86.6948142857143,67.7872142857143,26.1588285714286,30.0543285714286,2,,,,,1752
2025-12-21,202552,6.0,6,6,6,0.028210865,4.3851633,0,1,110012220255220578,2026-05-05,Ji-Paraná,,0.42013448,136825,22.4425714285714,97.8875571428571,0,0,1,90.4207714285714,76.8787714285714,24.5491714285714,27.5913571428571,3,,,,,1752
2025-12-14,202551,18.0,18,18,18,0.7334371,13.155491,0,1,110012220255120578,2026-05-05,Ji-Paraná,,1.2417055,136825,22.8932285714286,99.0719,0,0,1,92.4550857142857,81.1172428571429,24.7822,27.6499,7,,,,,1752
2025-12-07,202550,15.0,15,15,15,0.43761936,10.962909,0,1,110012220255020578,2026-05-05,Ji-Paraná,,0.94575053,136825,23.0297428571429,99.0504428571429,1,0,1,91.1711285714286,77.1492285714286,25.1853571428571,28.2860428571429,4,,,,,1752
2025-11-30,202549,10.0,10,10,10,0.13058981,7.3086057,0,1,110012220254920578,2026-05-05,Ji-Paraná,,0.6424697,136825,22.6978,98.9687428571429,0,0,1,92.0475,80.2302571428571,24.6429428571429,27.6033142857143,3,,,,,1752
2025-11-23,202548,21.0,21,21,21,0.8689966,15.348072,0,1,110012220254820578,2026-05-05,Ji-Paraná,,1.4560417,136825,23.3685857142857,97.6231285714286,1,0,1,87.9498428571429,72.5155571428571,25.7606857142857,29.0006142857143,8,,,,,1752
2025-11-16,202547,14.0,14,14,14,0.49440247,10.232048,0,1,110012220254720578,2026-05-05,Ji-Paraná,,0.99479544,136825,23.4731857142857,95.7832142857143,0,0,1,79.2828285714286,55.2230142857143,27.3714857142857,32.4449142857143,3,,,,,1752
2025-11-09,202546,15.0,15,15,15,0.5878647,10.962909,0,1,110012220254620578,2026-05-05,Ji-Paraná,,1.0849797,136825,23.3660428571429,98.4026,1,0,1,88.5211285714286,72.6223571428571,25.9948571428571,29.5040857142857,4,,,,,1752
2025-11-02,202545,12.0,12,12,12,0.4662793,8.770327,0,1,110012220254520578,2026-05-05,Ji-Paraná,,0.966884,136825,23.8166142857143,93.7929428571429,0,0,1,78.3809142857143,56.7969857142857,27.5293285714286,31.9917857142857,1,,,,,1752
2025-10-26,202544,18.0,18,18,18,0.86786205,13.155491,0,1,110012220254420578,2026-05-05,Ji-Paraná,,1.5009261,136825,23.4163428571429,95.9416142857143,1,0,1,83.6556285714286,66.8240142857143,26.3032571428571,30.0022428571429,2,,,,,1752
2025-10-19,202543,9.0,9,9,9,0.18543828,6.5777454,0,1,110012220254320578,2026-05-05,Ji-Paraná,,0.6861709,136825,23.5568571428571,93.4612428571429,1,0,1,80.6914857142857,63.0685714285714,26.6658571428571,30.5989714285714,3,,,,,1752
2025-10-12,202542,13.0,13,13,13,0.342742,9.501187,0,1,110012220254220578,2026-05-05,Ji-Paraná,,0.86009383,136825,23.3348,94.5326571428571,0,0,1,77.5775,52.0648571428571,27.1587428571429,32.3915714285714,3,,,,,1752
2025-10-05,202541,11.0,11,11,11,0.15745483,8.039467,0,1,110012220254120578,2026-05-05,Ji-Paraná,,0.6815918,136825,23.9517857142857,87.5748428571429,0,0,1,70.1854142857143,48.4474714285714,28.1188428571429,33.2323714285714,4,,,,,1752
2025-09-28,202540,17.0,17,17,17,0.5066903,12.42463,0,1,110012220254020578,2026-05-05,Ji-Paraná,,1.0057062,136825,23.5421714285714,92.9042571428571,0,0,1,76.5490857142857,52.9205428571429,27.4294571428571,32.3146142857143,5,,,,,1752
2025-09-21,202539,17.0,17,17,17,0.41770497,12.42463,0,1,110012220253920578,2026-05-05,Ji-Paraná,,0.9331261,136825,23.4521857142857,94.5057571428571,0,0,1,80.0867571428571,57.7586857142857,26.8712142857143,31.4468285714286,5,,,,,1752
2025-09-14,202538,14.0,14,14,14,0.19964412,10.232048,0,1,110012220253820578,2026-05-05,Ji-Paraná,,0.74651104,136825,23.8552,87.2410142857143,0,0,1,69.8404142857143,47.5257,28.0162857142857,33.3340571428571,4,,,,,1752
2025-09-07,202537,22.0,22,22,22,0.7051713,16.078934,0,1,110012220253720578,2026-05-05,Ji-Paraná,,1.1827512,136825,24.0400428571429,77.5128714285714,0,0,1,58.2391428571429,35.7540857142857,29.2054428571429,35.3016571428571,2,,,,,1752
2025-08-31,202536,16.0,16,16,16,0.47055978,11.693769,0,1,110012220253620578,2026-05-05,Ji-Paraná,,0.9747099,136825,24.0989571428571,85.0473571428572,0,0,1,67.0325285714286,38.6831285714286,28.5104142857143,34.7232428571429,4,,,,,1752
2025-08-24,202535,22.0,22,22,22,0.9019681,16.078934,0,1,110012220253520578,2026-05-05,Ji-Paraná,,1.5355251,136825,22.5492,62.8651571428571,0,0,1,47.6316428571429,29.6457857142857,28.0997,34.4860142857143,8,,,,,1752
2025-08-17,202534,17.0,17,17,17,0.49355876,12.42463,0,1,110012220253420578,2026-05-05,Ji-Paraná,,0.9945516,136825,23.8445428571429,78.1843142857143,0,0,1,58.7651714285714,35.2511428571429,28.8404,34.9911,3,,,,,1752
2025-08-10,202533,11.0,11,11,11,0.01758711,8.039467,0,1,110012220253320578,2026-05-05,Ji-Paraná,,0.47841176,136825,21.4913714285714,60.7519428571429,0,0,1,45.6987428571429,26.4916428571429,27.1589571428571,34.0982142857143,2,,,,,1752
2025-08-03,202532,12.0,12,12,12,0.013720859,8.770327,0,1,110012220253220578,2026-05-05,Ji-Paraná,,0.47738743,136825,22.9511142857143,80.2485,0,0,1,62.9061714285714,38.9229285714286,27.1139428571429,32.6153714285714,0,,,,,1752
2025-07-27,202531,30.0,30,30,30,0.8257336,21.925817,0,1,110012220253120578,2026-05-05,Ji-Paraná,,1.2917724,136825,22.9421285714286,70.0756142857143,0,0,1,53.8246428571429,33.8912142857143,27.7450571428571,33.6381571428571,9,,,,,1752
2025-07-20,202530,25.0,25,25,25,0.7282856,18.271515,0,1,110012220253020578,2026-05-05,Ji-Paraná,,1.194894,136825,20.9087285714286,69.1183428571428,0,0,1,49.4142285714286,24.7052142857143,27.1957142857143,34.8326,9,,,,,1752
2025-07-13,202529,26.0,26,26,26,0.7122609,19.002375,0,1,110012220252920578,2026-05-05,Ji-Paraná,,1.173824,136825,20.5561714285714,68.5178285714286,0,0,1,51.6483,29.3921142857143,26.0718714285714,33.0281285714286,4,,,,,1752
2025-07-06,202528,16.0,16,16,16,0.06252561,11.693769,0,1,110012220252820578,2026-05-05,Ji-Paraná,,0.62094516,136825,20.0604857142857,72.5606285714286,0,0,1,54.5830714285714,29.3872142857143,25.5457857142857,32.589,5,,,,,1752
2025-06-29,202527,22.0,22,22,22,0.0852403,16.078934,0,1,110012220252720578,2026-05-05,Ji-Paraná,,0.68832976,136825,19.3361571428571,79.2524714285714,0,0,1,66.1688285714286,45.4845428571429,23.6919142857143,29.1968714285714,2,,,,,1752
2025-06-22,202526,27.0,27,27,27,0.03591936,19.733236,0,1,110012220252620578,2026-05-05,Ji-Paraná,,0.6462511,136825,21.6737428571429,92.5394428571429,0,0,1,79.5895285714286,59.7760571428571,24.9519,29.0392,7,,,,,1752
2025-06-15,202525,25.0,25,25,25,0.00079985254,18.271515,0,1,110012220252520578,2026-05-05,Ji-Paraná,,0.47808588,136825,22.0954714285714,86.5207714285714,0,0,1,68.9757428571429,44.5361285714286,26.4043428571429,31.6441714285714,5,,,,,1752
2025-06-08,202524,47.0,47,47,47,0.052919596,34.35045,0,4,110012220252420578,2026-05-05,Ji-Paraná,,0.7351163,136825,21.9395857142857,87.3674285714286,0,0,2,69.4434142857143,43.8769285714286,26.2777285714286,31.8595285714286,9,,,,,1752
2025-06-01,202523,48.0,48,48,48,0.003794811,35.081306,0,4,110012220252320578,2026-05-05,Ji-Paraná,,0.6178456,136825,21.8224428571429,91.9832571428571,0,0,2,76.3638571428571,50.8313142857143,25.9312142857143,30.9092571428571,13,,,,,1752
2025-05-25,202522,66.0,66,66,66,0.005740613,48.236797,0,4,110012220252220578,2026-05-05,Ji-Paraná,,0.6720819,136825,21.1021428571429,93.7454428571429,0,0,2,83.5355857142857,66.4622571428571,24.0988857142857,28.0578142857143,12,,,,,1752
2025-05-18,202521,75.0,75,75,75,0.0004474151,54.814545,0,4,110012220252120578,2026-05-05,Ji-Paraná,,0.6187645,136825,22.1937857142857,91.1764571428571,0,0,2,75.6930857142857,50.2800142857143,26.3250142857143,31.2893142857143,21,,,,,1752
2025-05-11,202520,86.0,86,86,86,0.00016004275,62.85401,0,4,110012220252020578,2026-05-05,Ji-Paraná,,0.6156023,136825,22.5875714285714,94.5259142857143,0,0,2,81.4301142857143,58.6637285714286,26.0868857142857,30.4134857142857,19,,,,,1752
2025-05-04,202519,146.0,146,146,146,0.42300555,106.70564,0,4,110012220251920578,2026-05-05,Ji-Paraná,,0.977682,136825,23.0249857142857,98.5643714285714,1,0,2,88.3556428571429,69.2003428571429,25.9906857142857,29.8032285714286,29,,,,,1752
2025-04-27,202518,110.0,110,110,110,0.10853244,80.39466,0,4,110012220251820578,2026-05-05,Ji-Paraná,,0.85244143,136825,23.1086428571429,98.9658857142857,1,0,2,91.5656,78.2467857142857,25.3111142857143,28.391,24,,,,,1752
2025-04-20,202517,203.0,203,203,203,1.0,148.3647,0,4,110012220251720578,2026-05-05,Ji-Paraná,,2.1563663,136825,23.2969285714286,97.3210571428571,1,1,2,86.9060857142857,70.0488285714286,26.2321285714286,29.7253714285714,49,,,,,1752
2025-04-13,202516,116.0,116,116,116,0.9999759,84.77983,0,4,110012220251620571,2026-04-28,Ji-Paraná,,1.8625389,136825,23.1155,99.0164571428571,1,1,2,89.1301285714286,70.1948428571429,25.7933571428571,29.9720714285714,28,,,,,1752
2025-04-06,202515,103.0,103,103,103,0.99999976,75.27864,0,4,110012220251520565,2026-04-22,Ji-Paraná,,2.381683,136825,22.7117,97.3560285714286,0,1,2,89.4953285714286,73.9894142857143,25.1690857142857,28.5922714285714,16,,,,,1752
2025-03-30,202514,48.0,48,48,48,0.92722857,35.081306,0,4,110012220251420556,2026-04-13,Ji-Paraná,,1.377434,136825,23.0960714285714,97.4488857142857,1,0,2,88.6821714285714,72.6684571428571,25.3628,28.8640571428571,10,,,,,1752
2025-03-23,202513,42.0,42,42,42,0.9078592,30.696144,0,1,110012220251320552,2026-04-09,Ji-Paraná,,1.3652954,136825,22.9797285714286,98.4977571428571,0,0,2,91.4048857142857,77.8363428571429,25.0764142857143,28.5270857142857,2,,,,,1752
2025-03-16,202512,30.0,30,30,30,0.7703963,21.925817,0,1,110012220251220543,2026-03-31,Ji-Paraná,,1.220591,136825,22.9851428571429,97.7421428571429,0,0,1,85.6135,64.5877714285714,26.2009714285714,30.7083285714286,9,,,,,1752
2025-03-09,202511,36.0,36,36,36,0.9931577,26.310982,0,1,110012220251120535,2026-03-23,Ji-Paraná,,1.9815372,136825,22.8709,97.8457428571429,0,1,1,87.5032857142857,68.2685285714286,25.5084714285714,29.3244285714286,9,,,,,1752
2025-03-02,202510,25.0,25,25,25,0.93751794,18.271515,0,1,110012220251020529,2026-03-17,Ji-Paraná,,1.6236858,136825,22.5380428571429,98.6127285714286,0,0,1,91.6358428571429,77.3872857142857,24.5954285714286,27.6236714285714,8,,,,,1752
2025-02-23,202509,14.0,14,14,14,0.47794318,10.232048,0,1,110012220250920521,2026-03-09,Ji-Paraná,,0.97971296,136825,22.9867857142857,97.1761714285714,0,0,1,87.3787571428571,69.4727428571429,25.3899714285714,28.9182142857143,7,,,,,1752
2025-02-16,202508,15.0,15,15,15,0.6523547,10.962909,0,1,110012220250820516,2026-03-04,Ji-Paraná,,1.1573572,136825,22.7470428571429,96.7981714285714,0,0,1,85.5843285714286,65.8470571428571,25.5026,29.6066428571429,3,,,,,1752
2025-02-09,202507,17.0,17,17,17,0.85528505,12.42463,0,1,110012220250720507,2026-02-23,Ji-Paraná,,1.4846073,136825,22.3013,98.7931428571429,0,0,1,90.9283,73.8795142857143,24.2024571428571,27.5087285714286,5,,,,,1752
2025-02-02,202506,9.0,9,9,9,0.6335146,6.5777454,0,1,110012220250620503,2026-02-19,Ji-Paraná,,1.1774626,136825,22.8059142857143,96.5082285714286,0,0,1,86.9308857142857,69.4624428571429,25.2674714285714,28.6736,2,,,,,1752
2025-01-26,202505,17.0,17,17,17,0.9987802,12.42463,0,1,110012220250520495,2026-02-11,Ji-Paraná,,4.3017373,136825,23.1546285714286,95.9133285714286,1,1,1,82.4246285714286,60.8021714285714,26.4915285714286,31.0245571428571,3,,,,,1752
2025-01-19,202504,6.0,6,6,6,0.91634935,4.3851633,0,1,110012220250420491,2026-02-07,Ji-Paraná,,2.6077776,136825,22.1713,97.1025142857143,0,0,1,86.2625857142857,69.1865857142857,24.9901428571429,28.7898285714286,2,,,,,1752
2025-01-12,202503,2.0,2,2,2,0.62396204,1.4617212,0,1,110012220250320486,2026-02-02,Ji-Paraná,,1.3520426,136825,22.3567285714286,98.0354,0,0,0,89.9168714285714,76.5575714285714,24.5611,27.4937714285714,0,,,,,1752
2025-01-05,202502,3.0,3,3,3,0.8984589,2.1925817,0,1,110012220250220459,2026-01-06,Ji-Paraná,,3.4994347,136825,22.3534142857143,98.8450142857143,0,0,0,89.3434142857143,72.1960857142857,24.8104571428571,27.9071428571429,1,,,,,1752
2024-12-29,202501,1.0,1,1,1,0.6823117,0.7308606,0,1,110012220250120459,2026-01-06,Ji-Paraná,,1.8132461,136825,22.7518285714286,97.7804857142857,0,0,0,88.8155285714286,72.1506285714286,25.1148,28.5514142857143,1,,,,,1752
